{
  "loss": 0.4749789286632927,
  "accuracy": 0.8132982120051085,
  "precision": 0.8146421077174166,
  "recall": 0.9031924518547241,
  "f1": 0.8566349984676678,
  "auc_roc": 0.899803663362493,
  "optimal_threshold": 0.5474408268928528,
  "threshold_used": 0.5532273054122925
}