{
  "loss": 0.3086020110593163,
  "accuracy": 0.8156928480204342,
  "precision": 0.8100297007082476,
  "recall": 0.9165051053379863,
  "f1": 0.8599842338245104,
  "auc_roc": 0.9035278357725959,
  "optimal_threshold": 0.4190821349620819,
  "threshold_used": 0.4166785180568695
}