{
  "loss": 0.30616657597672703,
  "accuracy": 0.8214713635274383,
  "precision": 0.8238427844205043,
  "recall": 0.9030625486633792,
  "f1": 0.8616356094843063,
  "auc_roc": 0.9098114944013826,
  "optimal_threshold": 0.42767250537872314,
  "threshold_used": 0.3972727954387665
}