{
  "loss": 0.5978678331273247,
  "accuracy": 0.748323754789272,
  "precision": 0.7426937738246506,
  "recall": 0.9065529274912757,
  "f1": 0.8164833246027589,
  "auc_roc": 0.8251403968283451,
  "optimal_threshold": 0.5155676603317261,
  "threshold_used": 0.5122876167297363
}