{
  "loss": 0.49971545867773953,
  "accuracy": 0.8193646232439336,
  "precision": 0.8267669531996179,
  "recall": 0.8950497608892336,
  "f1": 0.8595543970706883,
  "auc_roc": 0.9037554042281304,
  "optimal_threshold": 0.5684536695480347,
  "threshold_used": 0.545023500919342
}