{
  "loss": 0.5039762587343551,
  "accuracy": 0.807551085568327,
  "precision": 0.8138849599245639,
  "recall": 0.8924647796303476,
  "f1": 0.8513655138400839,
  "auc_roc": 0.8943643577755425,
  "optimal_threshold": 0.4960138499736786,
  "threshold_used": 0.5085231065750122
}