{
  "loss": 0.5116860586650935,
  "accuracy": 0.7265325670498084,
  "precision": 0.7054226627275326,
  "recall": 0.9567015639136617,
  "f1": 0.8120680197476686,
  "auc_roc": 0.8190008370299886,
  "optimal_threshold": 0.44337284564971924,
  "threshold_used": 0.3787488341331482
}