{
  "loss": 0.31918234925489036,
  "accuracy": 0.816411238825032,
  "precision": 0.8331903419536708,
  "recall": 0.8786351298953082,
  "f1": 0.8553095118268746,
  "auc_roc": 0.900943380574392,
  "optimal_threshold": 0.3385698199272156,
  "threshold_used": 0.4001525640487671
}