{
  "loss": 0.40389006551621215,
  "accuracy": 0.8623084291187739,
  "precision": 0.8819567979669631,
  "recall": 0.8971177458963423,
  "f1": 0.8894726725187416,
  "auc_roc": 0.9366492907474532,
  "optimal_threshold": 0.481560617685318,
  "threshold_used": 0.5298937559127808
}