{
  "loss": 0.43159138724655133,
  "accuracy": 0.8612707535121328,
  "precision": 0.8720079374922486,
  "recall": 0.9087501615613287,
  "f1": 0.89,
  "auc_roc": 0.9367866465403942,
  "optimal_threshold": 0.5356162190437317,
  "threshold_used": 0.4938797056674957
}