{
  "global_threshold": 0.4938795864582062,
  "per_antibiotic_thresholds": {
    "0": 0.445965051651001,
    "1": 0.42368727922439575,
    "2": 0.34523871541023254,
    "3": 0.20107825100421906,
    "4": 0.5143356919288635,
    "5": 0.4938795864582062,
    "6": 0.44819319248199463,
    "7": 0.5241678357124329,
    "8": 0.4938795864582062,
    "9": 0.4938795864582062,
    "10": 0.4938795864582062,
    "11": 0.4938795864582062,
    "12": 0.37091749906539917,
    "13": 0.4938795864582062,
    "14": 0.4938795864582062,
    "15": 0.4938795864582062,
    "16": 0.21386486291885376,
    "17": 0.4938795864582062,
    "18": 0.4938795864582062,
    "19": 0.26503345370292664,
    "20": 0.4938795864582062,
    "21": 0.4938795864582062,
    "22": 0.23173928260803223,
    "23": 0.4938795864582062,
    "24": 0.18901704251766205,
    "25": 0.4938795864582062,
    "26": 0.4938795864582062,
    "27": 0.4938795864582062,
    "28": 0.8848385214805603,
    "29": 0.4938795864582062,
    "30": 0.4938795864582062,
    "31": 0.4938795864582062,
    "32": 0.5715036392211914,
    "33": 0.5820498466491699,
    "34": 0.4938795864582062,
    "35": 0.6522394418716431,
    "36": 0.4938795864582062,
    "37": 0.6028820276260376,
    "38": 0.4938795864582062,
    "39": 0.4938795864582062,
    "40": 0.4938795864582062,
    "41": 0.4938795864582062,
    "42": 0.16012190282344818,
    "43": 0.4938795864582062,
    "44": 0.4938795864582062,
    "45": 0.4938795864582062,
    "46": 0.4938795864582062,
    "47": 0.6326944828033447,
    "48": 0.4938795864582062,
    "49": 0.4938795864582062,
    "50": 0.4938795864582062,
    "51": 0.4938795864582062,
    "52": 0.4938795864582062,
    "53": 0.489612877368927,
    "54": 0.4938795864582062,
    "55": 0.33080247044563293,
    "56": 0.6463888883590698,
    "57": 0.4938795864582062,
    "58": 0.6506075859069824,
    "59": 0.4938795864582062,
    "60": 0.6369190812110901
  },
  "min_samples": 30,
  "n_tuned": 24,
  "n_fallback": 37,
  "test_metrics": {
    "global": {
      "label": "global",
      "f1": 0.89,
      "precision": 0.8720079374922486,
      "recall": 0.9087501615613287
    },
    "per_antibiotic": {
      "label": "per_antibiotic",
      "f1": 0.8851816745655608,
      "precision": 0.8659742828882295,
      "recall": 0.9052604368618328
    }
  },
  "delta_f1": -0.0048183254344391635
}