{
  "loss": 0.7774854235348709,
  "accuracy": 0.7788154533844189,
  "precision": 0.7876506024096386,
  "recall": 0.8787643789582525,
  "f1": 0.8307165984482864,
  "auc_roc": 0.85394923330972,
  "optimal_threshold": 0.5231583118438721,
  "threshold_used": 0.5385832786560059
}